"RAZÃO SOCIAL";"NOME FANTASIA";"CNPJ";"NATUREZA JURIDICA";"DATA INICIO OPERAÇÃO";"PORTE";"SITUAÇÃO";"TIPO ATIVIDADE";"SUBTIPO ATIVIDADE";"CEP";"UF";"LOCALIDADE";"BAIRRO";"LOGRADOURO";"TELEFONE";"FAX";"E-MAIL2";"E-MAIL3";"SITE";"CÓDIGO CERTIFICADO";"CÓDIGO E DESCRIÇÃO CNAE";"ÁREA TOTAL DO ESTABELECIMENTO";"AMBIENTAÇÃO";"VOLUME DE ÁGUA";"LINGUAS";"SEGMENTOS TURISTICOS";"SERVIÇOS"
ROMA HOTEIS E REALIZAÇÕES  LTDA;ROMA  HOTEIS;"00.071.556/0001-79";Sociedade Empresária;"29/04/1996";Microempresa;Em Operação;Empreendimento de Entretenimento e Lazer &  Parque Aquático;Parque Aquático;75.690.000;GO;Caldas Novas;Caldas Novas;AV SANTO AMARO Nº 1600                                      ;(64) 3453-1553;(64) 3453-1761;reservas@diroma.com.br;;WWW.DIROMA.COM.BR;"09.018807.65.0001-3";"5510-8/01-HOTEL (Primário), 9321-2/00-PARQUE DE DIVERSÃO; EXPLORAÇÃO DE (Secundário), 5611-2/01-RESTAURANTES E SIMILARES (Secundário)";2.750;;5.000;Inglês;;
ROMA EMPREENDIMENTOS E TURISMO LTDA;ROMA EMPREENDIMENTOS E TURISMO;"03.465.317/0002-72";Sociedade Empresária;;Microempresa;Em Operação;Empreendimento de Entretenimento e Lazer &  Parque Aquático;Parque Aquático;75.690.000;GO;Caldas Novas;Caldas Novas;RUA:SAO CRISTOVAO N°805 BAIRRO:SOLAR CALDAS;(64) 3453-1586;(64) 3454-9006;jasom.vieira@diroma.com.br;;WWW.DIROMA.COM.BR;"09.017905.65.0002-7";"9329-8/99-ENTRETENIMENTO INFANTIL; PRESTAÇÃO DE SERVIÇOS DE (Secundário), 5611-2/01-RESTAURANTES E SIMILARES (Secundário)";7.497;;787;;;
EMPREENDIMENTO TURISTICO E ECOLOGICO DO SOL LTDA - ME;BALNEÁRIO DO SOL;"03.540.734/0001-51";Sociedade Empresária;;Microempresa;Em Operação;Empreendimento de Entretenimento e Lazer &  Parque Aquático;Parque Aquático;79.290.000;MS;Bonito;Bonito;ROD. DO TURISMO RIO FORMOSO S/N - KM 08;(67) 3255-3500;(67) 3255-1164;contato@balneariodosol.tur.br;escrita@asteccontabil.com;;"12.057881.65.0001-9";"9329-8/99-OUTRAS ATIVIDADES DE RECREAÇÃO E LAZER NÃO ESPECIFICADAS ANTERIORMENTE     (Primário), 9329-8/99-ENTRETENIMENTO INFANTIL; PRESTAÇÃO DE SERVIÇOS DE (Secundário), 7911-2/00-AGÊNCIA DE VIAGEM; SERVIÇO DE (Secundário)";76.000;;0;Nenhuma das Opções;;
PLAY ONE EMPREENDIMENTOS LTDA;PLAY ONE EMPREENDIMENTOS LTDA;"04.933.060/0008-94";Sociedade Empresária;;Empresa de Médio ou Grande Porte;Em Operação;Empreendimento de Entretenimento e Lazer &  Parque Aquático;Parque Aquático;9.080.500;SP;Santo André;Jardim;AV INDUSTRIAL, N°: 600 ;(11) 2244-6321;(11) 2244-6272;claudia.paiva@playcenter.com.br;;;"26.010951.65.0008-8";"9321-2/00-PARQUE DE DIVERSÃO; EXPLORAÇÃO DE (Primário)";1.000;;0;Inglês;;
MARIA MADALENA SCHULLER EIRELI - ME;PARQUE AQUATICO SALTO DAS AGUAS;"23.786.095/0001-16";Empresa Individual (EIRELI);;Microempresa;Em Operação;Empreendimento de Entretenimento e Lazer &  Parque Aquático;Parque Aquático;88.450.000;SC;Alfredo Wagner;Alfredo Wagner;ROD ESTADUAL SC 350, SN, KM 02;(48) 3276-1187;;schuller.renan@gmail.com;restaurante@saltodasaguas.com;www.saltodasaguas.com;"24.079230.65.0001-8";"9321-2/00-PARQUE DE DIVERSÃO; EXPLORAÇÃO DE (Primário)";50.000;;1.000.000;Nenhuma das Opções;;
PLAY ONE EMPREENDIMENTOS LTDA.;PLAY ONE EMPREENDIMENTOS LTDA.;"04.933.060/0010-09";Sociedade Empresária;;Empresa de Médio ou Grande Porte;Em Operação;Empreendimento de Entretenimento e Lazer &  Parque Aquático;Parque Aquático;9.750.700;SP;São Bernardo do Campo;Jardim do Mar;PC SAMUEL SABATINI, 200 - LOJA 112;(11) 2244-6321;(11) 2244-6272;claudia.paiva@playcenter.com.br;beatriz.jesus@grupoaguia.com.br;;"26.010956.65.0010-4";"9321-2/00-PARQUE DE DIVERSÃO; EXPLORAÇÃO DE (Primário)";636;;0;Inglês;;
CORSINO & CORSINO LTDA - ME;ARAUCARIA ACQUA PARK;"02.873.477/0001-07";Sociedade Empresária;;Empresa de Médio ou Grande Porte;Em Operação;Empreendimento de Entretenimento e Lazer &  Parque Aquático;Parque Aquático;83.706.750;PR;Araucária;Capela Velha;RUA YOSHIAKI NAGANO, 121;(41) 3031-0303;(41) 3643-1364;carlinhos@araucariapark.com.br;agostinhoneto@brturbo.com.br;www.araucariapark.com.br;"18.071139.65.0001-8";"9321-2/00-PARQUE AQUÁTICO; EXPLORAÇÃO DE (Primário), 8230-0/02-ESPAÇO PARA EXPOSIÇÃO, USO DE TERCEIROS; GESTÃO DE (Secundário)";60.000;;5.000.000;Espanhol ,Inglês;;
A CÉLIA BARROS;ENZO PARK;"04.422.806/0001-29";Sociedade Empresária;;Microempresa;Em Operação;Empreendimento de Entretenimento e Lazer &  Parque Aquático;Parque Aquático;65.200.000;MA;Pinheiro;Pinheiro;AVENIDA PRINCIPAL 770 BAIRRO PACAS;(98) 3381-5318;(98) 3381-2436;magazinevieira@bol.com.br;;www.enzopark.com.br;"10.041696.65.0001-6";"9321-2/00-PARQUE DE DIVERSÃO; EXPLORAÇÃO DE (Primário), 5620-1/02-BUFE; SERVIÇOS DE ALIMENTAÇÃO (Secundário), 5611-2/03-ALIMENTAÇÃO SEM SERVIÇO COMPLETO; SERVIÇO DE (Secundário), 8230-0/02-INSTALAÇÕES PARA EVENTOS; GESTÃO DE (Secundário), 5510-8/01-HOTEL (Secundário)";15.000;;2.000.000;Nenhuma das Opções;;
PARADA DOS GUARÁS PARQUE E RESTAURANTE LTDA-ME;PARADA DOS GUARÁS;"10.638.730/0001-76";Sociedade Empresária;;Microempresa;Em Operação;Empreendimento de Entretenimento e Lazer &  Parque Aquático;Parque Aquático;68.790.000;PA;Santa Isabel do Pará;Santa Isabel do Pará;ROD. BR 316, KM 52;(91) 3725-1259;;danielnetto.engcome@gmail.com;;;"14.072034.65.0001-3";"9321-2/00-PARQUE AQUÁTICO; EXPLORAÇÃO DE (Primário), 5611-2/01-RESTAURANTES E SIMILARES (Secundário)";16.500;;1.700.000;Inglês;;
LISMAR LTDA;GAMESTATION;"10.476.588/0016-94";Sociedade Empresária;;Empresa de Médio ou Grande Porte;Em Operação;Empreendimento de Entretenimento e Lazer &  Parque Aquático;Parque Aquático;49.035.500;SE;Aracaju;Coroa do Meio;AVENIDA DELMIRO GOUVEIA LOJAS 218A/219A 2º PISO;(81) 3201-0300;;marcela.marques@gstation.com.br;;;"25.077128.65.0016-1";"9321-2/00-PARQUE DE DIVERSÃO; EXPLORAÇÃO DE (Primário)";1.215;;0;Nenhuma das Opções;;
PLAY ONE EMPREENDIMENTOS LTDA;PLAY ONE EMPREENDIMENTOS LTDA;"04.933.060/0015-13";Sociedade Empresária;;Empresa de Médio ou Grande Porte;Em Operação;Empreendimento de Entretenimento e Lazer &  Parque Aquático;Parque Aquático;88.032.005;SC;Florianópolis;Saco Grande;ROD JOSE CARLOS DAUX. 3116, LJ 213, NIVEL L2, FLORIPA SHOPPING;(11) 2244-6321;(11) 2244-6272;claudia.paiva@playcenter.com.br;;;"24.010945.65.0015-3";"9329-8/04-EXPLORAÇÃO DE JOGOS ELETRÔNICOS RECREATIVOS (Primário)";552;;0;Inglês;;
ARGONAUTA COMÉRCIO E SERVIÇOS OCEANOGRÁFICOS LTDA - EPP;ARGONAUTA COMÉRCIO E SERVIÇOS OCEANOGRÁFICOS LTDA - EPP;"00.643.743/0001-80";Sociedade Empresária;;Empresa de Pequeno Porte;Em Operação;Empreendimento de Entretenimento e Lazer &  Parque Aquático;Empreendimento de Entretenimento e Lazer;11.680.000;SP;Ubatuba;Ubatuba;AV. NOVE DE JULHO, 680;(12) 3834-1382;(12) 3834-1389;hugo@aquariodeubatuba.com.br;ea@aquariodeubatuba.com.br;www.aquariodeubatuba.com.br;"26.058146.65.0001-4";"9329-8/99-ENTRETENIMENTO INFANTIL; PRESTAÇÃO DE SERVIÇOS DE (Primário)";1.541;;0;Espanhol ,Inglês;;
FAZENDA TERRA DA MATA EVENTOS, TURISMO E LAZER LTDA - ME;FAZENDA TERRA DA MATA EVENTOS, TURISMO E LAZER LTDA - ME;"16.745.849/0001-24";Sociedade Empresária;;Empresa de Pequeno Porte;Em Operação;Empreendimento de Entretenimento e Lazer &  Parque Aquático;Parque Aquático;18.120.000;SP;Mairinque;Mairinque;EST ANTONIO ALVES, N°: 249' ;(11) 4246-2158;;mario@fazendaterradamata.com.br;;www.fazendaterradamata.com.br;"26.072566.65.0001-9";"9329-8/99-ENTRETENIMENTO INFANTIL; PRESTAÇÃO DE SERVIÇOS DE (Secundário)";30.000;;0;Nenhuma das Opções;;
PLAY ONE EMPREENDIMENTOS LTDA;PLAY ONE EMPREENDIMENTOS ;"04.933.060/0017-85";Sociedade Simples;;Empresa de Médio ou Grande Porte;Em Operação;Empreendimento de Entretenimento e Lazer &  Parque Aquático;Parque Aquático;90.560.003;RS;Porto Alegre;Floresta;AV. CRISTOVÃO COLOMBO N. 545/2228;(51) 3058-7780;;claudia.paiva@playcenter.com.br;;;"23.010959.65.0017-1";"9321-2/00-PARQUE DE DIVERSÃO; EXPLORAÇÃO DE (Primário)";75.140;;0;Inglês;;
PLAY ONE EMPREENDIMENTOS LTDA.;PLAY ONE EMPREENDIMENTOS LTDA.;"04.933.060/0003-80";Sociedade Empresária;;Empresa de Médio ou Grande Porte;Em Operação;Empreendimento de Entretenimento e Lazer &  Parque Aquático;Parque Aquático;9.190.210;SP;Santo André;Paraíso;"AV PEREIRA BARRETO, 42 - LOJA 12;";(11) 2244-6321;(11) 2244-6272;claudia.paiva@playcenter.com.br;beatriz.jesus@grupoaguia.com.br;;"26.010955.65.0003-0";"9321-2/00-PARQUE DE DIVERSÃO; EXPLORAÇÃO DE (Primário)";810;;0;Inglês;;
PLANET PARK DIVERSÕES LTDA - EPP;PLANET PARK;"03.456.112/0001-40";Sociedade Empresária;;Empresa de Pequeno Porte;Em Operação;Empreendimento de Entretenimento e Lazer &  Parque Aquático;Empreendimento de Entretenimento e Lazer;78.060.601;MT;Cuiabá;Jardim das Américas;AV. BRASÍLIA, 146, 2º PISO, LOJA 364, JARDIM DAS AMERICAS;(65) 3025-3252;;mauricio@planetpark.com.br;;;"13.047896.65.0001-0";"9329-8/04-EXPLORAÇÃO DE JOGOS ELETRÔNICOS RECREATIVOS (Primário)";677;;0;Nenhuma das Opções;;
CENTRO DE TURISMO  SOCIAL E LAZER DE GUARAPARI;CTSLG;"05.305.785/0005-58";Sociedade Empresária;;Empresa de Pequeno Porte;Em Operação;Empreendimento de Entretenimento e Lazer &  Parque Aquático;Empreendimento de Entretenimento e Lazer;29.215.000;ES;Guarapari;Muquiçaba;RODOVIA DO SOL, N 01 ES 060;(27) 3221-1401;(27) 3221-1404;ctg-recepcao@es.sesc.com.br;;www.sesc-es.com.br;"08.029776.65.0005-0";"9329-8/99-OUTRAS ATIVIDADES DE RECREAÇÃO E LAZER NÃO ESPECIFICADAS ANTERIORMENTE     (Primário), 9329-8/99-JOGO DE SNOOKER; EXPLORAÇÃO DE (Secundário), 5510-8/01-HOTEL (Secundário)";105;;0;Nenhuma das Opções;;
CHALÉ POUSADA TURISMO E LAZER LTDA;HOTEL FAZENDA  CHINA  PARK;"08.026.472/0001-25";Empresa Individual (EIRELI);"01/08/2006";Empresa de Pequeno Porte;Em Operação;Empreendimento de Entretenimento e Lazer &  Parque Aquático;Parque Aquático;29.260.000;ES;Domingos Martins;Domingos Martins;ROD BR 262 KM 72;(27) 3288-4141;;vania@parquedochina.com.br;valdeir@parquedochina.com.br;WWW.PARQUEDOCHINA.COM.BR;"08.029323.65.0001-6";"5510-8/01-HOTEL (Primário), 9329-8/99-ENTRETENIMENTO INFANTIL; PRESTAÇÃO DE SERVIÇOS DE (Secundário)";60.000;;400;;;
PLAY ONE EMPREENDIMENTOS LTDA;PLAY ONE EMPREENDIMENTOS LTDA;"04.933.060/0007-03";Sociedade Empresária;;Empresa de Médio ou Grande Porte;Em Operação;Empreendimento de Entretenimento e Lazer &  Parque Aquático;Parque Aquático;3.314.030;SP;São Paulo;Tatuapé;RUA MELO FREIRE, S/N - PISO SUPERIOR;(11) 2244-6321;(11) 2244-6272;claudia.paiva@playcenter.com.br;;;"26.010948.65.0007-5";"9321-2/00-PARQUE DE DIVERSÃO; EXPLORAÇÃO DE (Primário)";741;;0;Inglês;;
DISTRIBUIDORA EXPORTADORA E IMPORTADORA HALLEY LTDA - EPP;DISTRIBUIDORA EXPORTADORA E IMPORTADORA HALLEY;"01.249.796/0004-26";Sociedade Empresária;;Empresa de Pequeno Porte;Em Operação;Empreendimento de Entretenimento e Lazer &  Parque Aquático;Parque Aquático;79.301.970;MS;Corumbá;Centro;FAZ. IRACEMA, SN, 12 KM DA ESTAÇAO DE MARIA COELHO;(67) 3231-5487;;chavesiracema@gmail.com;;;"12.075273.65.0004-4";"9329-8/99-ENTRETENIMENTO INFANTIL; PRESTAÇÃO DE SERVIÇOS DE (Primário)";20.000;;500.000;Espanhol ,Inglês;;
BEACH PARK HOTÉIS E TURISMO S/A;*****************************************;"11.805.397/0001-05";Sociedade Empresária;"22/07/1987";Empresa de Médio ou Grande Porte;Em Operação;Empreendimento de Entretenimento e Lazer &  Parque Aquático;Parque Aquático;61.700.000;CE;Aquiraz;Aquiraz;LOC PORTO DAS DUNAS, Nº 2734 ;(85) 4012-3022;;danielrodrigues@beachpark.com.br;rafaela@beachpark.com.br;www.beachpark.com.br;"06.007082.65.0001-0";"9321-2/00-PARQUE TEMÁTICO; EXPLORAÇÃO DE (Primário), 9321-2/00-PARQUE AQUÁTICO; EXPLORAÇÃO DE (Secundário), 7912-1/00-OPERADORES TURÍSTICOS (Secundário)";2.000;;9.999.999;Espanhol ,Italiano ,Inglês;;
PARK DIVERSÕES LTDA - EPP;PLANET PARK;"06.183.369/0002-44";Sociedade Empresária;;Empresa de Pequeno Porte;Em Operação;Empreendimento de Entretenimento e Lazer &  Parque Aquático;Empreendimento de Entretenimento e Lazer;78.050.250;MT;Cuiabá;Jardim Aclimação;AV. RUBENS DE MENDONÇA, 3300 - LOJA 302;(65) 3025-3252;(65) 3025-3252;mauricio@planetpark.com.br;;;"13.047893.65.0002-5";"9329-8/99-ENTRETENIMENTO INFANTIL; PRESTAÇÃO DE SERVIÇOS DE (Primário)";593;;0;Nenhuma das Opções;;
PINATOS COMERCIO E SERVIÇOS LTDA. ME;PINATOS HOTEL;"08.248.433/0001-72";Sociedade Empresária;"25/09/2006";Microempresa;Em Operação;Empreendimento de Entretenimento e Lazer &  Parque Aquático;Empreendimento de Entretenimento e Lazer;73.770.000;GO;Alto Paraíso de Goiás;Alto Paraíso de Goiás;AV. ENGENHEIRO ARY RIBEIRO VALADAO FILHO 610, CENTRO;(62) 3446-1778;;pinatos.hotel@terra.com.br;advjacauna@hotmail.com;;"09.029416.65.0001-9";"5510-8/01-HOTEL (Primário), 9329-8/99-ENTRETENIMENTO INFANTIL; PRESTAÇÃO DE SERVIÇOS DE (Secundário), 5611-2/01-RESTAURANTES E SIMILARES (Secundário), 4789-0/01-ARTIGOS DE ARTESANATO; COMÉRCIO VAREJISTA (Secundário)";15;;30;Nenhuma das Opções;;
ÁGUAS CORRENTES SAIA VELHA LTDA - EPP;ÁGUAS CORRENTES SAIA VELHA;"01.979.230/0001-07";Sociedade Empresária;"07/05/1997";Microempresa;Em Operação;Empreendimento de Entretenimento e Lazer &  Parque Aquático;Parque Aquático;72.880.000;GO;Cidade Ocidental;Cidade Ocidental;FAZENDA A TOCA DO LOBO BR 040 KM 05 S/N ZONA RURAL;(61) 3627-0064;(61) 3627-0064;gloliveira@aguascorrentes.com.br;alexmeireles@aguascorrentes.com.br;www.aguascorrentes.com.br;"09.050626.65.0001-6";"9329-8/99-ENTRETENIMENTO INFANTIL; PRESTAÇÃO DE SERVIÇOS DE (Primário)";57.000;;6.000;Nenhuma das Opções;;
PLAY ONE EMPREENDIMENTOS LTDA;PLAY ONE EMPREENDIMENTOS;"04.933.060/0016-02";Sociedade Empresária;;Empresa de Médio ou Grande Porte;Em Operação;Empreendimento de Entretenimento e Lazer &  Parque Aquático;Parque Aquático;79.031.010;MS;Campo Grande;Santa Fé;AV. AFONSO PENA, 4909, NIVEL FURNAS, SAO COMERC 608, 2 PISO;(67) 3326-1027;(11) 2244-6321;claudia.paiva@playcenter.com.br;;;"12.010958.65.0016-4";"9321-2/00-PARQUE DE DIVERSÃO; EXPLORAÇÃO DE (Primário)";72.780;;0;Inglês;;
ROMA EMPREENDIMENTOS E TURISMO LTDA.;THERMAS DIROMA HOTEL;"03.465.317/0001-91";Sociedade Empresária;"06/10/1986";Microempresa;Em Operação;Empreendimento de Entretenimento e Lazer &  Parque Aquático;Parque Aquático;75.690.000;GO;Caldas Novas;Caldas Novas;RUA SÃO CRISTOVÃO N 1.110 BAIRRO SOLAR DE CALDAS;(64) 3455-9393;(64) 3453-1945;reservas@diroma.com.br;;www.diroma.com.br;"09.017908.65.0001-1";"5510-8/01-HOTEL (Primário), 9321-2/00-PARQUE DE DIVERSÃO; EXPLORAÇÃO DE (Secundário), 7912-1/00-OPERAÇÕES DE VIAGEM; SERVIÇOS DE (Secundário), 5611-2/01-RESTAURANTES E SIMILARES (Secundário)";2.087;;15.000;Nenhuma das Opções;;
PLAY ONE EMPREENDIMENTOS LTDA;PLAY ONE EMPREENDIMENTOS LTDA;"04.933.060/0011-90";Sociedade Empresária;;Empresa de Médio ou Grande Porte;Em Operação;Empreendimento de Entretenimento e Lazer &  Parque Aquático;Parque Aquático;5.003.020;SP;São Paulo;Água Branca;"AV ANTARTICA, 380 -ARCO 4210; PAVMTO 3; BLOCO B;";(11) 2244-6321;(11) 2244-6272;claudia.paiva@playcenter.com.br;;;"26.010947.65.0011-2";"9321-2/00-PARQUE DE DIVERSÃO; EXPLORAÇÃO DE (Primário)";482;;0;Inglês;;
BOLASHOW COMPLEXO DE ESPORTES E LAZER - EIRELI;ACQUA SHOW FAMILY PARK;"21.204.373/0001-54";Empresa Individual (EIRELI);;Microempresa;Em Operação;Empreendimento de Entretenimento e Lazer &  Parque Aquático;Parque Aquático;48.730.000;BA;Conceição do Coité;Conceição do Coité;RODOVIA COITE A SANTA ROSA, Nº 419, BAIRRO CASAS POPULARES;(75) 3262-1975;(75) 3262-1975;ramos-contabilidade@hotmail.com;;;"05.075630.65.0001-1";"9321-2/00-PARQUE AQUÁTICO; EXPLORAÇÃO DE (Primário)";13.068;;500.000;Nenhuma das Opções;;
PLAY ONE EMPREENDIMENTOS LTDA;PLAY ONE EMPREENDIMENTOS LTDA;"04.933.060/0004-60";Sociedade Empresária;;Empresa de Médio ou Grande Porte;Em Operação;Empreendimento de Entretenimento e Lazer &  Parque Aquático;Parque Aquático;2.047.050;SP;São Paulo;Vila Guilherme;TV CASALBUONO, N°: 120 ;(11) 2244-6321;(11) 2244-6272;claudia.paiva@playcenter.com.br;;;"26.010953.65.0004-3";"9321-2/00-PARQUE DE DIVERSÃO; EXPLORAÇÃO DE (Secundário)";0;;0;Inglês;;
ASSOCIAÇÃO ATLETICA BANCO DO BRASIL;AABB;"01.823.996/0001-06";Serviço Social Autônomo;;Empresa de Pequeno Porte;Em Operação;Empreendimento de Entretenimento e Lazer &  Parque Aquático;Parque Aquático;76.100.000;GO;São Luís de Montes Belos;São Luís de Montes Belos;CHACARA SANTANA SETOR RODOVIÁRIO;(64) 3671-1206;;saoluisdemontesbelos@aabnb.com.br;;;"09.071846.65.0001-1";"9321-2/00-PARQUE DE DIVERSÃO; EXPLORAÇÃO DE (Secundário)";48.000;;0;Nenhuma das Opções;;
PLAY ONE EMPREENDIMENTOS LTDA;PLAY ONE EMPREENDIMENTOS LTDA;"04.933.060/0014-32";Sociedade Empresária;;Empresa de Médio ou Grande Porte;Em Operação;Empreendimento de Entretenimento e Lazer &  Parque Aquático;Parque Aquático;5.402.600;SP;São Paulo;Pinheiros;AV REBOUCAS, 3970;(11) 2244-6321;;claudia.paiva@playcenter.com.br;;;"26.010946.65.0014-7";"9321-2/00-PARQUE DE DIVERSÃO; EXPLORAÇÃO DE (Primário)";1.209;;0;Inglês;;
PLAY ONE EMPREENDIMENTOS LTDA;PLAY ONE EMPREENDIMENTOS LTDA;"04.933.060/0009-75";Sociedade Empresária;;Empresa de Médio ou Grande Porte;Em Operação;Empreendimento de Entretenimento e Lazer &  Parque Aquático;Parque Aquático;3.527.000;SP;São Paulo;Vila Aricanduva;AV ARICADUVA, N°: 5555 - ARCO S ;(11) 2244-6321;(11) 2244-6272;claudia.paiva@playcenter.com.br;;;"26.010952.65.0009-2";"9321-2/00-PARQUE DE DIVERSÃO; EXPLORAÇÃO DE (Secundário)";2.016;;0;Inglês;;
K.L.D EMPREENDIMENTOS TURISTICOS LTDA;BALNEÁRIO THERMAS CACHOEIRA DA FUMAÇA;"36.937.118/0002-79";Sociedade Empresária;"12/03/2004";Microempresa;Em Operação;Empreendimento de Entretenimento e Lazer &  Parque Aquático;Parque Aquático;78.820.000;MT;Jaciara;Jaciara;ESTRADA PARQUE CACHOEIRA DA FUMAÇA, KM 08;(66) 3461-2844;;contato@cachoeiradafumaca.com.br;;www.cachoeiradafumaca.com.br;"13.007963.65.0002-7";"9329-8/99-ENTRETENIMENTO INFANTIL; PRESTAÇÃO DE SERVIÇOS DE (Primário)";30.000;;1.000.000;Espanhol ,Inglês;;
W.PALMERSTON & TAVARES EMPREENDIMENTOS TURISTICOS LTDA;NAUTICO PRAIA CLUBE;"05.513.549/0001-01";Sociedade Empresária;"01/07/2003";Microempresa;Em Operação;Empreendimento de Entretenimento e Lazer &  Parque Aquático;Parque Aquático;75.690.000;GO;Caldas Novas;Caldas Novas;AV CAMINHO DO LAGO GLEBA A.1 - BAIRRO FAZ ST° ANT° DAS LAGES;(64) 3455-9100;;atendimento@nauticopraiaclube.com.br;;WWW.NAUTICOPRAIACLUBE.COM.BR;"09.057674.65.0001-5";"5611-2/01-RESTAURANTES E SIMILARES (Primário), 9321-2/00-PARQUE DE DIVERSÃO; EXPLORAÇÃO DE (Secundário), 5510-8/01-HOTEL (Secundário)";25.000;;150.000;Nenhuma das Opções;;
WILDERLANE DE FREITAS OLIVEIRA-ME;ARENA-JOGOS E DIVERSÃO;"22.774.331/0001-11";Empresário Individual (Não MEI);;Microempresa;Em Operação;Empreendimento de Entretenimento e Lazer &  Parque Aquático;Parque Aquático;58.200.000;PB;Guarabira;Guarabira;RUA OTACILIO LIRA CABRAL, 1300, BAIRRO AREIA BRANCA;(83) 99148-1020;;arnoudneto@guaraves.com.br;;;"15.073239.65.0001-7";"9321-2/00-PARQUE DE DIVERSÃO; EXPLORAÇÃO DE (Primário)";198;;0;Nenhuma das Opções;;
PLAY ONE EMPREENDIMENTOS LTDA;PLAY ONE EMPREENDIMENTOS LTDA;"04.933.060/0006-22";Sociedade Empresária;;Empresa de Médio ou Grande Porte;Em Operação;Empreendimento de Entretenimento e Lazer &  Parque Aquático;Parque Aquático;4.151.100;SP;São Paulo;Bosque da Saúde;PRAÇA LEONOR KAUPA, 100 - LOJA 325 A/B - PISO INDEPENDENCIA;(11) 2244-6321;(11) 2244-6272;claudia.paiva@playcenter.com.br;;;"26.010949.65.0006-5";"9321-2/00-PARQUE DE DIVERSÃO; EXPLORAÇÃO DE (Primário)";378;;0;Inglês;;
ODY PARK PARQUE AQUÁTICO LTDA - ME;ODY PARK PARQUE AQUÁTICO;"06.828.881/0001-10";Sociedade Empresária;"19/08/2004";Empresa de Pequeno Porte;Em Operação;Empreendimento de Entretenimento e Lazer &  Parque Aquático;Parque Aquático;86.750.000;PR;Iguaraçu;Iguaraçu;"RODOVIA PR 317, LOTE DE TERRAS ""1-J""  S/Nº ";(44) 3248-8000;(44) 3248-8025;financeiro@odypark.com.br;comercial@odypark.com.br;www.odypark.com.br;"18.013442.65.0001-7";"5510-8/01-HOTEL (Primário), 9321-2/00-PARQUE TEMÁTICO; EXPLORAÇÃO DE (Secundário), 9321-2/00-PARQUE AQUÁTICO; EXPLORAÇÃO DE (Secundário)";30.001;;3.000.001;Espanhol;;
CAMPO 7 AMIGOS AREA DE LAZER LTDA - ME;CAMPO 7 AMIGOS;"06.045.573/0001-18";Sociedade Empresária;;Microempresa;Em Operação;Empreendimento de Entretenimento e Lazer &  Parque Aquático;Parque Aquático;93.950.000;RS;Dois Irmãos;Dois Irmãos;R ALBERTO RUBENICH 855;(51) 3564-1097;;dguth06@gmail.com;;;"23.077730.65.0001-4";"9329-8/99-ENTRETENIMENTO INFANTIL; PRESTAÇÃO DE SERVIÇOS DE (Secundário)";55.000;;48.000;Alemão;;
OHS PARTICIPAÇÕES E EMPREENDIMENTOS LTDA ME;SUNSET CABLE  PARK;"11.463.923/0002-87";Sociedade Empresária;;Microempresa;Em Operação;Empreendimento de Entretenimento e Lazer &  Parque Aquático;Parque Aquático;75.250.000;GO;Senador Canedo;Senador Canedo;ROD GO 020 S/N KM 16 MARGEM ESQUERDA SENTIDO GOIANIA A BELA VISTA DE GOIÁS ZONA RURAL ;(62) 3282-3888;;lucimar.oliver@gmail.com;;;"09.042909.65.0002-4";"9321-2/00-PARQUE DE DIVERSÃO; EXPLORAÇÃO DE (Primário)";48.400;;0;Espanhol ,Inglês;;
PLAY ONE EMPREENDIMENTOS LTDA;PLAY ONE EMPREENDIMENTOS LTDA;"04.933.060/0018-66";Sociedade Empresária;;Empresa de Médio ou Grande Porte;Em Operação;Empreendimento de Entretenimento e Lazer &  Parque Aquático;Parque Aquático;41.820.021;BA;Salvador;Caminho das Árvores;AV. TANCREDO NEVES, Nº148, QUADRA S - PAV.03;(11) 2244-6321;;claudia.paiva@playcenter.com.br;;;"05.010960.65.0018-1";"9321-2/00-PARQUE DE DIVERSÃO; EXPLORAÇÃO DE (Primário)";2.676;;0;Inglês;;
M.F.J. M PEREIRA - ME;BALNEÁRIO JARINAL;"06.060.554/0001-60";Empresa Individual (EIRELI);;Microempresa;Em Operação;Empreendimento de Entretenimento e Lazer &  Parque Aquático;Empreendimento de Entretenimento e Lazer;69.932.000;AC;Brasiléia;Brasiléia;BR 317- KM.05 - RAMAL DA ALEGRIA DO CARMEM, 2210 - JARINAL;(68) 9904-5127;;jarinal@hotmail.com;;;"01.065642.65.0001-1";"5510-8/01-HOTEL (Primário), 9329-8/99-ENTRETENIMENTO INFANTIL; PRESTAÇÃO DE SERVIÇOS DE (Secundário), 5611-2/01-SELF-SERVICE; SERVIÇO DE ALIMENTAÇÃO (Secundário)";1.000;;1.000;Nenhuma das Opções;;
PLAY ONE EMPREENDIMENTOS LTDA;PLAY ONE EMPREENDIMENTOS LTDA;"04.933.060/0001-18";Sociedade Empresária;"24/04/2002";Microempresa;Em Operação;Empreendimento de Entretenimento e Lazer &  Parque Aquático;Parque Aquático;5.038.120;SP;São Paulo;Parque Residencial da Lapa;RUA PROFESSOR CLEMENTE PASTORE, 52;(11) 2244-6321;(11) 2244-6272;claudia.paiva@playcenter.com.br;;;"26.010957.65.0001-0";"9321-2/00-PARQUE TEMÁTICO; EXPLORAÇÃO DE (Primário), 9329-8/04-EXPLORAÇÃO DE JOGOS ELETRÔNICOS RECREATIVOS (Secundário)";1.998;;0;Inglês;;
PLAY ONE EMPREENDIMENTOS LTDA;PLAY ONE EMPREENDIMENTOS LTDA;"04.933.060/0005-41";Sociedade Empresária;;Empresa de Pequeno Porte;Em Operação;Empreendimento de Entretenimento e Lazer &  Parque Aquático;Parque Aquático;4.661.200;SP;São Paulo;Jardim Umuarama;AV INTERLAGOS, 2255;(11) 2244-6321;(11) 2244-6272;claudia.paiva@playcenter.com.br;;;"26.010950.65.0005-9";"9321-2/00-PARQUE DE DIVERSÃO; EXPLORAÇÃO DE (Primário)";1.389;;0;Inglês;;
PLAY ONE EMPREENDIMENTOS  LTDA;PLAY ONE EMPREENDIMENTOS  LTDA;"04.933.060/0012-70";Sociedade Empresária;;Empresa de Médio ou Grande Porte;Em Operação;Empreendimento de Entretenimento e Lazer &  Parque Aquático;Parque Aquático;6.020.010;SP;Osasco;Vila Yara;A V DOS AUTONOMISTAS, N°: 1400: ANCORA G - NIVEL AUTONOMISTAS ;(11) 2244-6321;(11) 2244-6272;claudia.paiva@playcenter.com.br;;;"26.010954.65.0012-4";"9321-2/00-PARQUE DE DIVERSÃO; EXPLORAÇÃO DE (Secundário)";1.739;;0;Inglês;;
PARQUE HANDARA EIRELI - ME;PARQUE HANDARA;"23.650.365/0001-67";Empresa Individual (EIRELI);;Microempresa;Em Operação;Empreendimento de Entretenimento e Lazer &  Parque Aquático;Parque Aquático;62.766.000;CE;Guaramiranga;Guaramiranga;SITIO MONTE FLOR, Nº 530, ZONA RURAL;(85) 3321-1121;;marcelodecastro@innovacontabilidade.com;;;"06.076055.65.0001-4";"9321-2/00-PARQUE DE DIVERSÃO; EXPLORAÇÃO DE (Primário)";94.508;;0;Nenhuma das Opções;;
DISTRIBUIDORA EXPORTADORA E IMPORTADORA HALLEY LTDA - EPP;DISTRIBUIDORA EXPORTADORA E IMPORTADORA HALLEY;"01.249.796/0004-26";Sociedade Empresária;;Empresa de Pequeno Porte;Em Implantação;Empreendimento de Entretenimento e Lazer &  Parque Aquático;Parque Aquático;79.301.970;MS;Corumbá;Centro;FAZ. IRACEMA, SN, 12 KM DA ESTAÇAO DE MARIA COELHO;(67) 3231-5487;;chavesiracema@gmail.com;;;"12.075272.65.0004-7";"9329-8/99-ENTRETENIMENTO INFANTIL; PRESTAÇÃO DE SERVIÇOS DE (Primário)";20.000;;500.000;Espanhol ,Inglês;;
OLEGÁRIO & SANTOS LTDA - ME;ESTÂNCIA LORINHO;"19.139.485/0001-27";Sociedade Empresária;;Microempresa;Em Implantação;Empreendimento de Entretenimento e Lazer &  Parque Aquático;;79.760.000;MS;Bataiporã;Bataiporã;RODOVIA MS-276 - S/N - KM 02 - ZONA RURAL - ESTÂNCIA LORINHO;(67) 9915-7864;(67) 3441-4665;administrativo@agenciagenese.com.br;;;"12.062025.65.0001-7";"9329-8/99-ENTRETENIMENTO INFANTIL; PRESTAÇÃO DE SERVIÇOS DE (Primário)";;;;;;
WILDERLANE DE FREITAS OLIVEIRA-ME;ARENA-JOGOS E DIVERSÃO;"22.774.331/0001-11";Empresário Individual (Não MEI);;Microempresa;Em Implantação;Empreendimento de Entretenimento e Lazer &  Parque Aquático;Parque Aquático;58.200.000;PB;Guarabira;Guarabira;RUA OTACILIO LIRA CABRAL, 1300, BAIRRO AREIA BRANCA;(83) 99148-1020;;arnoudneto@guaraves.com.br;;;"15.073238.65.0001-0";"9321-2/00-PARQUE DE DIVERSÃO; EXPLORAÇÃO DE (Primário)";198;;0;Nenhuma das Opções;;
OLEGÁRIO & SANTOS LTDA - ME;ESTÂNCIA LORINHO;"19.139.485/0001-27";Sociedade Empresária;;Microempresa;Em Implantação;Empreendimento de Entretenimento e Lazer &  Parque Aquático;;79.760.000;MS;Bataiporã;Bataiporã;RODOVIA MS-276 - S/N - KM 02 - ZONA RURAL - ESTÂNCIA LORINHO;(67) 9915-7864;(67) 3441-4665;administrativo@agenciagenese.com.br;;;"12.062026.65.0001-4";"9329-8/99-ENTRETENIMENTO INFANTIL; PRESTAÇÃO DE SERVIÇOS DE (Primário)";;;;;;
EMPREENDIMENTOS TURISTICOS ACQUA PARK LTDA-ME;LINHARES BEACH ACQUA PARK;"20.431.513/0001-64";Sociedade Empresária;;Empresa de Pequeno Porte;Em Implantação;Empreendimento de Entretenimento e Lazer &  Parque Aquático;;29.901.630;ES;Linhares;Shell;AV SAO MATEUS, 1780, ARAÇÁ;(27) 3371-0407;;linharesbeach1@gmail.com;;;"08.068499.65.0001-0";"9321-2/00-PARQUE DE DIVERSÃO; EXPLORAÇÃO DE (Primário)";;;;;;
INCRIVEL DIVERSAO E BRINQUEDOS LTDA;CASA X;"20.867.679/0001-28";Sociedade Empresária;;Microempresa;Em Implantação;Empreendimento de Entretenimento e Lazer &  Parque Aquático;;74.230.035;GO;Goiânia;Setor Bueno;AVENIDA T4 NUM 1478 QD 169A LOTE 01E;(62) 8115-8839;;dlayunta@gmail.com;;;"09.069201.65.0001-0";"7721-7/00-MATERIAIS E EQUIPAMENTOS ESPORTIVOS; ALUGUEL DE, LOCAÇÃO DE (Secundário), 9329-8/99-ENTRETENIMENTO INFANTIL; PRESTAÇÃO DE SERVIÇOS DE (Secundário)";;;;;;
